cum_buys_sol,entry_price_sol,tokens_for_1sol,eff_cost_sol,price_after_sol,nav_sol,redeem_price_after_fees_sol,backing_pct,pool_sol,instant_roundtrip_sol,instant_pnl_pct
1,1,0.97,1.030927835,1.091570649,1.020618557,0.9593814433,93.5,0.99,0.9306,-6.94
2,1.091570649,0.850175241,1.17622809,1.163430318,1.087807347,1.022538906,93.5,1.98,0.869337261,-13.0662739
3,1.163430318,0.814198791,1.228201283,1.205778128,1.127402549,1.059758397,93.5,2.97,0.8628540052,-13.71459948
4,1.205778128,0.791488044,1.263442964,1.236271053,1.155913435,1.086558629,93.5,3.96,0.8599981639,-14.00018361
5,1.236271053,0.774967501,1.290376692,1.260255278,1.178338685,1.107638364,93.5,4.95,0.8583837349,-14.16162651
6,1.260255278,0.76203204,1.31228078,1.280096377,1.196890113,1.125076706,93.5,5.94,0.8573444974,-14.26555026
7,1.280096377,0.751431147,1.330793918,1.297057223,1.212748504,1.139983594,93.5,6.93,0.8566191793,-14.33808207
8,1.297057223,0.742468659,1.346858198,1.311894258,1.226621131,1.153023863,93.5,7.92,0.8560840815,-14.39159185
9,1.311894258,0.734717683,1.36106701,1.325097608,1.238966264,1.164628288,93.5,8.91,0.8556729974,-14.43270026
10,1.325097608,0.727897856,1.373819131,1.337003573,1.250098341,1.17509244,93.5,9.9,0.8553472679,-14.46527321
11,1.337003573,0.721815337,1.385395888,1.347853215,1.260242756,1.184628191,93.5,10.89,0.8550827968,-14.49172032
12,1.347853215,0.716330633,1.396003401,1.357825404,1.269566752,1.193392747,93.5,11.88,0.8548637821,-14.51362179
13,1.357825404,0.711340086,1.405797339,1.367056624,1.278197943,1.201506067,93.5,12.87,0.8546794288,-14.53205712
14,1.367056624,0.706764609,1.414898238,1.375653458,1.286235984,1.209061825,93.5,13.86,0.8545221077,-14.54778923
15,1.375653458,0.702542524,1.423401383,1.383700776,1.293760225,1.216134612,93.5,14.85,0.8543862797,-14.56137203
16,1.383700776,0.698624819,1.431383445,1.391267284,1.300834911,1.222784816,93.5,15.84,0.8542678209,-14.57321791
17,1.391267284,0.694971916,1.438907065,1.398409415,1.307512803,1.229062035,93.5,16.83,0.8541635972,-14.58364028
18,1.398409415,0.691551412,1.446024088,1.405174096,1.31383778,1.235007513,93.5,17.82,0.8540711895,-14.59288105
19,1.405174096,0.688336446,1.452777934,1.411600787,1.319846736,1.240655932,93.5,18.81,0.853988695,-14.6011305
20,1.411600787,0.685304513,1.459205333,1.417722993,1.325570999,1.246036739,93.5,19.8,0.8539146005,-14.60853995
21,1.417722993,0.682436572,1.465337646,1.423569411,1.331037399,1.251175155,93.5,20.79,0.8538476839,-14.61523161
22,1.423569411,0.679716376,1.471201865,1.429164813,1.3362691,1.256092954,93.5,21.78,0.8537869507,-14.62130493
23,1.429164813,0.677129952,1.476821395,1.434530737,1.341286239,1.260809065,93.5,22.77,0.8537315816,-14.62684184
24,1.434530737,0.674665199,1.482216663,1.439686028,1.346106436,1.26534005,93.5,23.76,0.8536808968,-14.63191032
25,1.439686028,0.672311567,1.487405615,1.444647272,1.3507452,1.269700488,93.5,24.75,0.8536343244,-14.63656756
26,1.444647272,0.670059807,1.492404095,1.449429146,1.355216251,1.273903276,93.5,25.74,0.8535913834,-14.64086166
27,1.449429146,0.667901767,1.497226163,1.4540447,1.359531794,1.277959887,93.5,26.73,0.8535516665,-14.64483335
28,1.4540447,0.665830223,1.501884362,1.458505593,1.363702729,1.281880566,93.5,27.72,0.8535148229,-14.64851771
29,1.458505593,0.663838746,1.506389927,1.462822284,1.367738835,1.285674505,93.5,28.71,0.8534805513,-14.65194487
30,1.462822284,0.66192159,1.510752958,1.467004191,1.371648918,1.289349983,93.5,29.7,0.853448591,-14.6551409
31,1.467004191,0.6600736,1.514982572,1.471059828,1.375440939,1.292914482,93.5,30.69,0.8534187169,-14.65812831
32,1.471059828,0.658290132,1.519087028,1.474996915,1.379122115,1.296374788,93.5,31.68,0.8533907306,-14.66092694
33,1.474996915,0.65656699,1.52307383,1.478822477,1.382699016,1.299737075,93.5,32.67,0.8533644592,-14.66355408
34,1.478822477,0.654900369,1.526949819,1.482542924,1.386177634,1.303006976,93.5,33.66,0.8533397496,-14.66602504
35,1.482542924,0.653286809,1.530721249,1.486164123,1.389563455,1.306189647,93.5,34.65,0.8533164666,-14.66835334
36,1.486164123,0.651723153,1.534393853,1.489691453,1.392861508,1.309289818,93.5,35.64,0.8532944883,-14.67055117
37,1.489691453,0.650206518,1.537972894,1.493129865,1.396076424,1.312311838,93.5,36.63,0.853273711,-14.6726289
38,1.493129865,0.648734257,1.541463225,1.496483922,1.399212467,1.315259719,93.5,37.62,0.8532540368,-14.67459632
39,1.496483922,0.64730394,1.544869324,1.49975784,1.402273581,1.318137166,93.5,38.61,0.8532353809,-14.67646191
40,1.49975784,0.645913328,1.548195333,1.502955523,1.405263414,1.320947609,93.5,39.6,0.8532176661,-14.67823339
41,1.502955523,0.644560355,1.551445093,1.50608059,1.408185352,1.323694231,93.5,40.59,0.8532008233,-14.67991767
42,1.50608059,0.643243109,1.554622173,1.509136409,1.411042543,1.32637999,93.5,41.58,0.8531847885,-14.68152115
43,1.509136409,0.64195982,1.55772989,1.512126113,1.413837916,1.329007641,93.5,42.57,0.8531695059,-14.68304941
44,1.512126113,0.640708844,1.560771338,1.515052625,1.416574205,1.331579752,93.5,43.56,0.8531549238,-14.68450762
45,1.515052625,0.639488652,1.563749406,1.517918676,1.419253962,1.334098725,93.5,44.55,0.853140995,-14.6859005
46,1.517918676,0.63829782,1.566666795,1.520726821,1.421879578,1.336566803,93.5,45.54,0.8531276767,-14.68723233
47,1.520726821,0.637135018,1.569526037,1.523479455,1.42445329,1.338986093,93.5,46.53,0.8531149282,-14.68850718
48,1.523479455,0.635999006,1.572329501,1.526178823,1.4269772,1.341358568,93.5,47.52,0.8531027157,-14.68972843
49,1.526178823,0.634888622,1.575079416,1.528827038,1.429453281,1.343686084,93.5,48.51,0.8530910061,-14.69089939
50,1.528827038,0.633802775,1.577777882,1.531426086,1.43188339,1.345970387,93.5,49.5,0.8530797664,-14.69202336
51,1.531426086,0.632740446,1.580426866,1.533977838,1.434269279,1.348213122,93.5,50.49,0.8530689722,-14.69310278
52,1.533977838,0.631700672,1.583028235,1.53648406,1.436612596,1.350415841,93.5,51.48,0.853058594,-14.6941406
53,1.53648406,0.630682553,1.585583738,1.538946419,1.438914901,1.352580007,93.5,52.47,0.8530486122,-14.69513878
54,1.538946419,0.629685236,1.58809504,1.541366489,1.441177667,1.354707007,93.5,53.46,0.8530390015,-14.69609985
55,1.541366489,0.628707919,1.59056371,1.543745762,1.443402288,1.35679815,93.5,54.45,0.8530297417,-14.69702583
56,1.543745762,0.627749847,1.592991229,1.546085651,1.445590084,1.358854679,93.5,55.44,0.8530208167,-14.69791833
57,1.546085651,0.626810302,1.595379011,1.548387495,1.447742308,1.360877769,93.5,56.43,0.8530122057,-14.69877943
58,1.548387495,0.625888608,1.597728393,1.550652565,1.449860149,1.36286854,93.5,57.42,0.8530038932,-14.69961068
59,1.550652565,0.624984124,1.600040644,1.55288207,1.451944735,1.364828051,93.5,58.41,0.852995864,-14.7004136
60,1.55288207,0.624096243,1.602316968,1.555077157,1.453997141,1.366757313,93.5,59.4,0.8529881041,-14.70118959
61,1.555077157,0.623224389,1.604558515,1.557238919,1.456018389,1.368657286,93.5,60.39,0.8529806007,-14.70193993
62,1.557238919,0.622368014,1.606766379,1.559368397,1.458009452,1.370528884,93.5,61.38,0.85297334,-14.702666
63,1.559368397,0.621526599,1.608941599,1.561466585,1.459971257,1.372372981,93.5,62.37,0.8529663115,-14.70336885
64,1.561466585,0.620699649,1.611085171,1.563534427,1.461904689,1.374190408,93.5,63.36,0.8529595037,-14.70404963
65,1.563534427,0.619886694,1.61319804,1.565572828,1.463810594,1.375981958,93.5,64.35,0.8529529071,-14.70470929
66,1.565572828,0.619087285,1.615281115,1.567582651,1.465689779,1.377748392,93.5,65.34,0.8529465113,-14.70534887
67,1.567582651,0.618300994,1.617335262,1.569564722,1.467543015,1.379490434,93.5,66.33,0.8529403064,-14.70596936
68,1.569564722,0.617527415,1.619361304,1.571519829,1.46937104,1.381208778,93.5,67.32,0.8529342863,-14.70657137
69,1.571519829,0.616766157,1.621360038,1.57344873,1.471174563,1.382904089,93.5,68.31,0.8529284405,-14.70715595
70,1.57344873,0.616016849,1.623332222,1.575352149,1.472954259,1.384577003,93.5,69.3,0.8529227628,-14.70772372
71,1.575352149,0.615279136,1.625278579,1.577230778,1.474710778,1.386228131,93.5,70.29,0.8529172467,-14.70827533
72,1.577230778,0.614552676,1.627199814,1.579085285,1.476444742,1.387858057,93.5,71.28,0.8529118829,-14.70881171
73,1.579085285,0.613837146,1.629096588,1.580916308,1.478156748,1.389467343,93.5,72.27,0.8529066684,-14.70933316
74,1.580916308,0.613132232,1.630969549,1.582724461,1.479847371,1.391056528,93.5,73.26,0.8529015941,-14.70984059
75,1.582724461,0.612437637,1.63281931,1.584510332,1.481517161,1.392626131,93.5,74.25,0.8528966569,-14.71033431
76,1.584510332,0.611753074,1.634646465,1.58627449,1.483166648,1.394176649,93.5,75.24,0.8528918507,-14.71081493
77,1.58627449,0.611078267,1.636451587,1.588017478,1.484796342,1.395708561,93.5,76.23,0.8528871689,-14.71128311
78,1.588017478,0.610412953,1.638235223,1.589739821,1.486406733,1.397222329,93.5,77.22,0.8528826077,-14.71173923
79,1.589739821,0.609756878,1.639997901,1.591442025,1.487998293,1.398718395,93.5,78.21,0.852878162,-14.7121838
80,1.591442025,0.6091098,1.641740126,1.593124575,1.489571477,1.400197189,93.5,79.2,0.8528738295,-14.71261705
81,1.593124575,0.608471483,1.643462394,1.59478794,1.491126724,1.40165912,93.5,80.19,0.8528696035,-14.71303965
82,1.59478794,0.607841702,1.645165175,1.596432572,1.492664455,1.403104587,93.5,81.18,0.8528654805,-14.71345195
83,1.596432572,0.607220241,1.646848923,1.598058907,1.494185078,1.404533973,93.5,82.17,0.8528614578,-14.71385422
84,1.598058907,0.606606891,1.648514079,1.599667366,1.495688987,1.405947648,93.5,83.16,0.8528575316,-14.71424684
85,1.599667366,0.60600145,1.650161068,1.601258355,1.497176562,1.407345968,93.5,84.15,0.8528536972,-14.71463028
86,1.601258355,0.605403725,1.651790299,1.602832265,1.498648168,1.408729278,93.5,85.14,0.8528499525,-14.71500475
87,1.602832265,0.60481353,1.653402165,1.604389477,1.500104161,1.410097911,93.5,86.13,0.8528462955,-14.71537045
88,1.604389477,0.604230683,1.654997054,1.605930356,1.501544883,1.41145219,93.5,87.12,0.8528427208,-14.71572792
89,1.605930356,0.603655011,1.656575332,1.607455257,1.502970665,1.412792425,93.5,88.11,0.852839227,-14.7160773
90,1.607455257,0.603086346,1.658137357,1.608964522,1.504381828,1.414118918,93.5,89.1,0.8528358112,-14.71641888
91,1.608964522,0.602524526,1.659683477,1.610458483,1.505778681,1.41543196,93.5,90.09,0.852832471,-14.7167529
92,1.610458483,0.601969394,1.661214025,1.61193746,1.507161525,1.416731834,93.5,91.08,0.8528292035,-14.71707965
93,1.61193746,0.601420799,1.662729326,1.613401766,1.508530651,1.418018812,93.5,92.07,0.852826007,-14.7173993
94,1.613401766,0.600878594,1.664229696,1.614851701,1.50988634,1.41929316,93.5,93.06,0.8528228782,-14.71771218
95,1.614851701,0.600342637,1.66571544,1.616287556,1.511228865,1.420555133,93.5,94.05,0.8528198145,-14.71801855
96,1.616287556,0.599812793,1.667186848,1.617709615,1.51255849,1.421804981,93.5,95.04,0.8528168166,-14.71831834
97,1.617709615,0.599288928,1.66864421,1.619118153,1.513875473,1.423042944,93.5,96.03,0.8528138806,-14.71861194
98,1.619118153,0.598770913,1.670087805,1.620513434,1.515180061,1.424269258,93.5,97.02,0.8528110037,-14.71889963
99,1.620513434,0.598258625,1.671517899,1.621895719,1.516472497,1.425484147,93.5,98.01,0.8528081859,-14.71918141
100,1.621895719,0.597751943,1.672934754,1.623265257,1.517753015,1.426687834,93.5,99,0.8528054248,-14.71945752
101,1.623265257,0.597250749,1.674338629,1.624622291,1.519021842,1.427880532,93.5,99.99,0.852802717,-14.7197283
102,1.624622291,0.596754932,1.675729762,1.625967059,1.5202792,1.429062448,93.5,100.98,0.8528000638,-14.71999362
103,1.625967059,0.596264381,1.677108397,1.627299789,1.521525303,1.430233784,93.5,101.97,0.8527974622,-14.72025378
104,1.627299789,0.59577899,1.678474765,1.628620705,1.522760359,1.431394738,93.5,102.96,0.8527949112,-14.72050888
105,1.628620705,0.595298655,1.679829094,1.629930024,1.523984573,1.432545498,93.5,103.95,0.8527924085,-14.72075915
106,1.629930024,0.594823276,1.681171602,1.631227957,1.52519814,1.433686252,93.5,104.94,0.8527899531,-14.72100469
107,1.631227957,0.594352756,1.682502504,1.63251471,1.526401253,1.434817178,93.5,105.93,0.8527875442,-14.72124558
108,1.63251471,0.593886999,1.683822009,1.63379048,1.527594099,1.435938453,93.5,106.92,0.8527851786,-14.72148214
109,1.63379048,0.593425915,1.685130317,1.635055464,1.528776858,1.437050247,93.5,107.91,0.8527828577,-14.72171423
110,1.635055464,0.592969414,1.686427624,1.636309849,1.529949709,1.438152726,93.5,108.9,0.8527805792,-14.72194208
111,1.636309849,0.592517409,1.687714124,1.63755382,1.531112822,1.439246052,93.5,109.89,0.8527783418,-14.72216582
112,1.63755382,0.592069816,1.688990002,1.638787556,1.532266365,1.440330383,93.5,110.88,0.8527761449,-14.72238551
113,1.638787556,0.591626552,1.690255443,1.640011232,1.533410502,1.441405872,93.5,111.87,0.8527739859,-14.72260141
114,1.640011232,0.591187538,1.691510622,1.641225017,1.534545391,1.442472668,93.5,112.86,0.8527718651,-14.72281349
115,1.641225017,0.590752697,1.692755708,1.642429078,1.535671188,1.443530917,93.5,113.85,0.8527697824,-14.72302176
116,1.642429078,0.590321952,1.693990875,1.643623576,1.536788044,1.444580761,93.5,114.84,0.8527677348,-14.72322652
117,1.643623576,0.58989523,1.695216284,1.644808669,1.537896105,1.445622339,93.5,115.83,0.8527657221,-14.72342779
118,1.644808669,0.58947246,1.696432095,1.645984509,1.538995516,1.446655785,93.5,116.82,0.8527637445,-14.72362555
119,1.645984509,0.589053572,1.697638462,1.647151248,1.540086416,1.447681231,93.5,117.81,0.8527618005,-14.72381995
120,1.647151248,0.588638497,1.698835542,1.64830903,1.541168943,1.448698806,93.5,118.8,0.852759888,-14.7240112
121,1.64830903,0.58822717,1.700023479,1.649457999,1.542243229,1.449708635,93.5,119.79,0.8527580078,-14.72419922
122,1.649457999,0.587819525,1.701202423,1.650598294,1.543309404,1.45071084,93.5,120.78,0.852756157,-14.7243843
123,1.650598294,0.587415501,1.702372509,1.65173005,1.544367597,1.451705541,93.5,121.77,0.8527543376,-14.72456624
124,1.65173005,0.587015036,1.703533877,1.6528534,1.545417929,1.452692854,93.5,122.76,0.8527525478,-14.72474522
125,1.6528534,0.58661807,1.704686663,1.653968475,1.546460524,1.453672893,93.5,123.75,0.8527507866,-14.72492134
126,1.653968475,0.586224545,1.705830997,1.655075399,1.547495499,1.454645769,93.5,124.74,0.8527490538,-14.72509462
127,1.655075399,0.585834403,1.706967011,1.656174298,1.548522969,1.455611591,93.5,125.73,0.8527473472,-14.72526528
128,1.656174298,0.58544759,1.708094827,1.657265291,1.549543047,1.456570465,93.5,126.72,0.8527456681,-14.72543319
129,1.657265291,0.585064051,1.709214569,1.658348497,1.550555845,1.457522494,93.5,127.71,0.8527440149,-14.72559851
130,1.658348497,0.584683734,1.710326356,1.659424031,1.551561469,1.458467781,93.5,128.7,0.8527423881,-14.72576119
131,1.659424031,0.584306586,1.711430307,1.660492006,1.552560026,1.459406424,93.5,129.69,0.8527407852,-14.72592148
132,1.660492006,0.583932557,1.712526538,1.661552532,1.553551617,1.46033852,93.5,130.68,0.8527392062,-14.72607938
133,1.661552532,0.583561599,1.713615155,1.662605717,1.554536345,1.461264164,93.5,131.67,0.8527376523,-14.72623477
134,1.662605717,0.583193663,1.714696272,1.663651666,1.555514308,1.462183449,93.5,132.66,0.8527361217,-14.72638783
135,1.663651666,0.582828701,1.715769999,1.664690483,1.556485601,1.463096465,93.5,133.65,0.8527346123,-14.72653877
136,1.664690483,0.582466669,1.716836436,1.665722268,1.557450321,1.464003302,93.5,134.64,0.8527331265,-14.72668735
137,1.665722268,0.582107521,1.717895688,1.666747121,1.558408558,1.464904045,93.5,135.63,0.852731662,-14.7268338
138,1.666747121,0.581751213,1.718947855,1.667765138,1.559360404,1.46579878,93.5,136.62,0.8527302183,-14.72697817
139,1.667765138,0.581397703,1.719993035,1.668776414,1.560305947,1.46668759,93.5,137.61,0.852728796,-14.7271204
140,1.668776414,0.581046948,1.721031327,1.669781041,1.561245274,1.467570557,93.5,138.6,0.8527273933,-14.72726067
141,1.669781041,0.580698909,1.722062819,1.670779111,1.562178469,1.468447761,93.5,139.59,0.8527260126,-14.72739874
142,1.670779111,0.580353543,1.723087611,1.671770712,1.563105616,1.469319279,93.5,140.58,0.8527246492,-14.72753508
143,1.671770712,0.580010813,1.724105788,1.672755931,1.564026796,1.470185188,93.5,141.57,0.8527233061,-14.72766939
144,1.672755931,0.57967068,1.725117441,1.673734854,1.564942088,1.471045563,93.5,142.56,0.8527219818,-14.72780182
145,1.673734854,0.579333105,1.72612266,1.674707564,1.565851572,1.471900478,93.5,143.55,0.852720674,-14.7279326
146,1.674707564,0.578998054,1.727121522,1.675674142,1.566755323,1.472750004,93.5,144.54,0.8527193862,-14.72806138
147,1.675674142,0.578665489,1.728114116,1.676634671,1.567653417,1.473594212,93.5,145.53,0.8527181153,-14.72818847
148,1.676634671,0.578335375,1.729100524,1.677589227,1.568545927,1.474433172,93.5,146.52,0.8527168612,-14.72831388
149,1.677589227,0.578007678,1.730080824,1.678537888,1.569432925,1.47526695,93.5,147.51,0.8527156242,-14.72843758
150,1.678537888,0.577682364,1.731055096,1.67948073,1.570314483,1.476095614,93.5,148.5,0.8527144037,-14.72855963
151,1.67948073,0.5773594,1.732023416,1.680417827,1.571190669,1.476919229,93.5,149.49,0.8527131996,-14.72868004
152,1.680417827,0.577038754,1.732985858,1.681349252,1.572061551,1.477737858,93.5,150.48,0.8527120122,-14.72879878
153,1.681349252,0.576720393,1.7339425,1.682275076,1.572927196,1.478551564,93.5,151.47,0.8527108392,-14.72891608
154,1.682275076,0.576404287,1.734893412,1.683195369,1.57378767,1.47936041,93.5,152.46,0.8527096821,-14.72903179
155,1.683195369,0.576090405,1.735838666,1.684110199,1.574643036,1.480164454,93.5,153.45,0.8527085398,-14.72914602
156,1.684110199,0.575778717,1.736778332,1.685019635,1.575493358,1.480963757,93.5,154.44,0.8527074119,-14.72925881
157,1.685019635,0.575469194,1.73771248,1.685923741,1.576338698,1.481758376,93.5,155.43,0.8527062985,-14.72937015
158,1.685923741,0.575161807,1.738641175,1.686822584,1.577179116,1.482548369,93.5,156.42,0.8527051989,-14.72948011
159,1.686822584,0.574856528,1.739564485,1.687716226,1.578014672,1.483333791,93.5,157.41,0.8527041132,-14.72958868
160,1.687716226,0.57455333,1.740482472,1.688604731,1.578845424,1.484114698,93.5,158.4,0.852703042,-14.7296958
161,1.688604731,0.574252185,1.741395203,1.68948816,1.579671429,1.484891143,93.5,159.39,0.8527019836,-14.72980164
162,1.68948816,0.573953066,1.742302741,1.690366572,1.580492745,1.48566318,93.5,160.38,0.8527009373,-14.72990627
163,1.690366572,0.573655949,1.743205142,1.691240028,1.581309426,1.48643086,93.5,161.37,0.8526999058,-14.73000942
164,1.691240028,0.573360806,1.744102474,1.692108584,1.582121526,1.487194235,93.5,162.36,0.8526988852,-14.73011148
165,1.692108584,0.573067614,1.744994789,1.6929723,1.5829291,1.487953354,93.5,163.35,0.8526978785,-14.73021215
166,1.6929723,0.572776347,1.74588215,1.69383123,1.5837322,1.488708268,93.5,164.34,0.8526968833,-14.73031167
167,1.69383123,0.572486981,1.746764613,1.694685429,1.584530876,1.489459024,93.5,165.33,0.8526958998,-14.73041002
168,1.694685429,0.572199492,1.747642237,1.695534952,1.585325181,1.49020567,93.5,166.32,0.8526949272,-14.73050728
169,1.695534952,0.571913858,1.748515071,1.696379853,1.586115162,1.490948253,93.5,167.31,0.8526939673,-14.73060327
170,1.696379853,0.571630055,1.749383174,1.697220183,1.586900871,1.491686818,93.5,168.3,0.8526930181,-14.73069819
171,1.697220183,0.571348062,1.750246595,1.698055993,1.587682354,1.492421412,93.5,169.29,0.8526920816,-14.73079184
172,1.698055993,0.571067855,1.751105392,1.698887335,1.588459658,1.493152079,93.5,170.28,0.8526911547,-14.73088453
173,1.698887335,0.570789413,1.751959615,1.699714258,1.589232831,1.493878861,93.5,171.27,0.8526902382,-14.73097618
174,1.699714258,0.570512715,1.752809313,1.70053681,1.590001918,1.494601803,93.5,172.26,0.8526893322,-14.73106678
175,1.70053681,0.570237741,1.753654534,1.701355041,1.590766963,1.495320945,93.5,173.25,0.8526884379,-14.73115621
176,1.701355041,0.569964469,1.754495332,1.702168996,1.591528012,1.496036331,93.5,174.24,0.8526875529,-14.73124471
177,1.702168996,0.569692879,1.755331753,1.702978723,1.592285106,1.496748,93.5,175.23,0.8526866773,-14.73133227
178,1.702978723,0.569422952,1.756163844,1.703784268,1.59303829,1.497455993,93.5,176.22,0.852685812,-14.7314188
179,1.703784268,0.569154669,1.756991648,1.704585674,1.593787605,1.498160349,93.5,177.21,0.8526849576,-14.73150424
180,1.704585674,0.568888009,1.757815219,1.705382987,1.594533093,1.498861107,93.5,178.2,0.8526841112,-14.73158888
181,1.705382987,0.568622955,1.758634595,1.70617625,1.595274794,1.499558306,93.5,179.19,0.8526832752,-14.73167248
182,1.70617625,0.568359487,1.759449825,1.706965505,1.596012748,1.500251983,93.5,180.18,0.8526824472,-14.73175528
183,1.706965505,0.568097588,1.76026095,1.707750796,1.596746994,1.500942174,93.5,181.17,0.8526816289,-14.73183711
184,1.707750796,0.56783724,1.761068013,1.708532162,1.597477571,1.501628917,93.5,182.16,0.8526808198,-14.73191802
185,1.708532162,0.567578425,1.761871058,1.709309645,1.598204518,1.502312247,93.5,183.15,0.8526800192,-14.73199808
186,1.709309645,0.567321126,1.762670125,1.710083286,1.598927872,1.5029922,93.5,184.14,0.8526792273,-14.73207727
187,1.710083286,0.567065326,1.763465256,1.710853123,1.59964767,1.50366881,93.5,185.13,0.8526784439,-14.73215561
188,1.710853123,0.566811008,1.764256491,1.711619196,1.600363948,1.504342111,93.5,186.12,0.8526776684,-14.73223316
189,1.711619196,0.566558157,1.765043866,1.712381542,1.601076742,1.505012138,93.5,187.11,0.852676903,-14.7323097
190,1.712381542,0.566306754,1.76582743,1.713140201,1.601786088,1.505678922,93.5,188.1,0.852676143,-14.7323857
191,1.713140201,0.566056786,1.766607211,1.713895207,1.602492019,1.506342498,93.5,189.09,0.8526753929,-14.73246071
192,1.713895207,0.565808236,1.767383252,1.714646599,1.60319457,1.507002896,93.5,190.08,0.8526746504,-14.73253496
193,1.714646599,0.565561088,1.768155591,1.715394413,1.603893776,1.507660149,93.5,191.07,0.8526739144,-14.73260856
194,1.715394413,0.565315328,1.768924263,1.716138683,1.604589668,1.508314288,93.5,192.06,0.8526731867,-14.73268133
195,1.716138683,0.565070941,1.769689303,1.716879445,1.605282281,1.508965344,93.5,193.05,0.8526724668,-14.73275332
196,1.716879445,0.564827912,1.770450749,1.717616732,1.605971645,1.509613346,93.5,194.04,0.8526717542,-14.73282458
197,1.717616732,0.564586226,1.771208637,1.71835058,1.606657792,1.510258325,93.5,195.03,0.8526710479,-14.73289521
198,1.71835058,0.56434587,1.771962999,1.719081021,1.607340755,1.51090031,93.5,196.02,0.8526703497,-14.73296503
199,1.719081021,0.564106829,1.77271387,1.719808089,1.608020563,1.511539329,93.5,197.01,0.8526696579,-14.73303421
200,1.719808089,0.56386909,1.773461283,1.720531815,1.608697247,1.512175412,93.5,198,0.8526689735,-14.73310265
201,1.720531815,0.563632639,1.774205273,1.721252232,1.609370837,1.512808586,93.5,198.99,0.8526682959,-14.73317041
202,1.721252232,0.563397463,1.77494587,1.721969371,1.610041362,1.51343888,93.5,199.98,0.8526676253,-14.73323747
203,1.721969371,0.563163548,1.775683109,1.722683263,1.610708851,1.51406632,93.5,200.97,0.8526669605,-14.73330395
204,1.722683263,0.562930882,1.77641702,1.723393939,1.611373333,1.514690933,93.5,201.96,0.8526663027,-14.73336973
205,1.723393939,0.562699452,1.777147634,1.724101429,1.612034836,1.515312746,93.5,202.95,0.8526656516,-14.73343484
206,1.724101429,0.562469245,1.777874984,1.724805762,1.612693388,1.515931784,93.5,203.94,0.8526650063,-14.73349937
207,1.724805762,0.562240249,1.778599098,1.725506969,1.613349016,1.516548075,93.5,204.93,0.8526643673,-14.73356327
208,1.725506969,0.562012452,1.779320007,1.726205077,1.614001747,1.517161642,93.5,205.92,0.8526637348,-14.73362652
209,1.726205077,0.561785842,1.780037739,1.726900116,1.614651609,1.517772512,93.5,206.91,0.8526631087,-14.73368913
210,1.726900116,0.561560407,1.780752324,1.727592114,1.615298626,1.518380709,93.5,207.9,0.8526624887,-14.73375113
211,1.727592114,0.561336134,1.781463796,1.728281097,1.615942826,1.518986256,93.5,208.89,0.8526618727,-14.73381273
212,1.728281097,0.561113014,1.782172174,1.728967094,1.616584233,1.519589179,93.5,209.88,0.8526612643,-14.73387357
213,1.728967094,0.560891034,1.782877492,1.729650132,1.617222873,1.520189501,93.5,210.87,0.8526606609,-14.73393391
214,1.729650132,0.560670184,1.783579774,1.730330236,1.617858771,1.520787244,93.5,211.86,0.8526600642,-14.73399358
215,1.730330236,0.560450451,1.784279053,1.731007434,1.618491951,1.521382434,93.5,212.85,0.8526594711,-14.73405289
216,1.731007434,0.560231827,1.784975347,1.731681751,1.619122437,1.521975091,93.5,213.84,0.8526588857,-14.73411143
217,1.731681751,0.560014299,1.785668691,1.732353212,1.619750253,1.522565238,93.5,214.83,0.8526583046,-14.73416954
218,1.732353212,0.559797857,1.786359107,1.733021844,1.620375424,1.523152898,93.5,215.82,0.8526577284,-14.73422716
219,1.733021844,0.559582491,1.787046622,1.73368767,1.620997971,1.523738093,93.5,216.81,0.8526571576,-14.73428424
220,1.73368767,0.559368191,1.787731258,1.734350715,1.621617918,1.524320843,93.5,217.8,0.8526565925,-14.73434075
221,1.734350715,0.559154947,1.788413043,1.735011003,1.622235288,1.524901171,93.5,218.79,0.8526560333,-14.73439667
222,1.735011003,0.558942748,1.789092002,1.735668559,1.622850102,1.525479096,93.5,219.78,0.8526554781,-14.73445219
223,1.735668559,0.558731585,1.789768159,1.736323405,1.623462384,1.526054641,93.5,220.77,0.8526549283,-14.73450717
224,1.736323405,0.558521448,1.790441537,1.736975566,1.624072154,1.526627825,93.5,221.76,0.8526543831,-14.73456169
225,1.736975566,0.558312327,1.791112164,1.737625063,1.624679434,1.527198668,93.5,222.75,0.852653842,-14.7346158
226,1.737625063,0.558104214,1.791780056,1.73827192,1.625284245,1.52776719,93.5,223.74,0.8526533069,-14.73466931
227,1.73827192,0.557897098,1.792445244,1.738916159,1.625886608,1.528333412,93.5,224.73,0.8526527752,-14.73472248
228,1.738916159,0.557690972,1.793107743,1.739557801,1.626486544,1.528897352,93.5,225.72,0.8526522501,-14.73477499
229,1.739557801,0.557485825,1.793767581,1.74019687,1.627084073,1.529459029,93.5,226.71,0.8526517286,-14.73482714
230,1.74019687,0.557281648,1.794424782,1.740833386,1.627679216,1.530018463,93.5,227.7,0.8526512104,-14.73487896
231,1.740833386,0.557078434,1.795079362,1.74146737,1.628271991,1.530575672,93.5,228.69,0.8526506983,-14.73493017
232,1.74146737,0.556876173,1.795731347,1.742098844,1.628862419,1.531130674,93.5,229.68,0.8526501901,-14.73498099
233,1.742098844,0.556674857,1.796380755,1.742727828,1.629450519,1.531683488,93.5,230.67,0.8526496867,-14.73503133
234,1.742727828,0.556474477,1.797027611,1.743354343,1.63003631,1.532234132,93.5,231.66,0.8526491871,-14.73508129
235,1.743354343,0.556275025,1.797671934,1.743978408,1.630619812,1.532782623,93.5,232.65,0.8526486919,-14.73513081
236,1.743978408,0.556076493,1.798313744,1.744600044,1.631201042,1.533328979,93.5,233.64,0.8526482013,-14.73517987
237,1.744600044,0.555878872,1.798953064,1.745219271,1.631780019,1.533873217,93.5,234.63,0.8526477139,-14.73522861
238,1.745219271,0.555682155,1.799589911,1.745836108,1.632356761,1.534415355,93.5,235.62,0.8526472312,-14.73527688
239,1.745836108,0.555486334,1.800224306,1.746450574,1.632931286,1.534955409,93.5,236.61,0.852646753,-14.7353247
240,1.746450574,0.555291401,1.800856268,1.747062687,1.633503613,1.535493396,93.5,237.6,0.8526462791,-14.73537209
241,1.747062687,0.555097347,1.801485821,1.747672468,1.634073758,1.536029332,93.5,238.59,0.8526458072,-14.73541928
242,1.747672468,0.554904167,1.802112976,1.748279934,1.634641738,1.536563234,93.5,239.58,0.8526453415,-14.73546585
243,1.748279934,0.554711851,1.802737761,1.748885104,1.635207572,1.537095118,93.5,240.57,0.852644878,-14.7355122
244,1.748885104,0.554520393,1.803360188,1.749487995,1.635771276,1.537624999,93.5,241.56,0.8526444188,-14.73555812
245,1.749487995,0.554329785,1.803980279,1.750088627,1.636332866,1.538152894,93.5,242.55,0.852643963,-14.7356037
246,1.750088627,0.554140021,1.804598048,1.750687015,1.636892359,1.538678817,93.5,243.54,0.8526435122,-14.73564878
247,1.750687015,0.553951092,1.805213519,1.751283178,1.637449772,1.539202785,93.5,244.53,0.8526430637,-14.73569363
248,1.751283178,0.553762992,1.805826706,1.751877133,1.63800512,1.539724812,93.5,245.52,0.852642619,-14.7357381
249,1.751877133,0.553575714,1.806437629,1.752468897,1.638558419,1.540244914,93.5,246.51,0.8526421779,-14.73578221
250,1.752468897,0.553389251,1.807046303,1.753058487,1.639109686,1.540763104,93.5,247.5,0.8526417403,-14.73582597
251,1.753058487,0.553203597,1.807652744,1.75364592,1.639658935,1.541279399,93.5,248.49,0.8526413074,-14.73586926
252,1.75364592,0.553018744,1.808256973,1.754231211,1.640206182,1.541793811,93.5,249.48,0.852640877,-14.7359123
253,1.754231211,0.552834686,1.808859005,1.754814377,1.640751443,1.542306356,93.5,250.47,0.8526404502,-14.73595498
254,1.754814377,0.552651416,1.809458858,1.755395435,1.641294732,1.542817048,93.5,251.46,0.8526400262,-14.73599738
255,1.755395435,0.552468928,1.810056547,1.7559744,1.641836064,1.5433259,93.5,252.45,0.8526396057,-14.73603943
256,1.7559744,0.552287216,1.810652087,1.756551288,1.642375454,1.543832927,93.5,253.44,0.8526391891,-14.73608109
257,1.756551288,0.552106273,1.811245495,1.757126114,1.642912917,1.544338142,93.5,254.43,0.8526387756,-14.73612244
258,1.757126114,0.551926093,1.811836789,1.757698894,1.643448466,1.544841558,93.5,255.42,0.8526383652,-14.73616348
259,1.757698894,0.551746669,1.812425985,1.758269642,1.643982116,1.545343189,93.5,256.41,0.8526379568,-14.73620432
260,1.758269642,0.551567997,1.813013093,1.758838375,1.644513881,1.545843048,93.5,257.4,0.8526375536,-14.73624464
261,1.758838375,0.551390069,1.813598134,1.759405106,1.645043774,1.546341148,93.5,258.39,0.8526371523,-14.73628477
262,1.759405106,0.55121288,1.81418112,1.759969851,1.645571811,1.546837502,93.5,259.38,0.8526367545,-14.73632455
263,1.759969851,0.551036423,1.814762071,1.760532624,1.646098003,1.547332123,93.5,260.37,0.8526363583,-14.73636417
264,1.760532624,0.550860694,1.815340994,1.761093439,1.646622365,1.547825023,93.5,261.36,0.8526359665,-14.73640335
265,1.761093439,0.550685686,1.81591791,1.76165231,1.64714491,1.548316215,93.5,262.35,0.8526355772,-14.73644228
266,1.76165231,0.550511394,1.81649283,1.762209252,1.647665651,1.548805712,93.5,263.34,0.8526351913,-14.73648087
267,1.762209252,0.550337812,1.81706577,1.762764278,1.6481846,1.549293524,93.5,264.33,0.8526348083,-14.73651917
268,1.762764278,0.550164934,1.817636745,1.763317403,1.648701772,1.549779665,93.5,265.32,0.8526344272,-14.73655728
269,1.763317403,0.549992756,1.818205766,1.763868639,1.649217177,1.550264147,93.5,266.31,0.8526340505,-14.73659495
270,1.763868639,0.549821271,1.81877285,1.764418,1.64973083,1.55074698,93.5,267.3,0.8526336756,-14.73663244
271,1.764418,0.549650474,1.819338011,1.7649655,1.650242742,1.551228178,93.5,268.29,0.8526333031,-14.73666969
272,1.7649655,0.549480361,1.819901258,1.765511151,1.650752926,1.55170775,93.5,269.28,0.8526329348,-14.73670652
273,1.765511151,0.549310925,1.82046261,1.766054966,1.651261394,1.55218571,93.5,270.27,0.8526325681,-14.73674319
274,1.766054966,0.549142162,1.821022076,1.76659696,1.651768157,1.552662068,93.5,271.26,0.8526322047,-14.73677953
275,1.76659696,0.548974066,1.821579674,1.767137143,1.652273229,1.553136835,93.5,272.25,0.8526318433,-14.73681567
276,1.767137143,0.548806632,1.822135415,1.767675529,1.652776619,1.553610022,93.5,273.24,0.8526314838,-14.73685162
277,1.767675529,0.548639856,1.822689309,1.76821213,1.653278342,1.554081641,93.5,274.23,0.8526311278,-14.73688722
278,1.76821213,0.548473733,1.823241369,1.768746959,1.653778407,1.554551702,93.5,275.22,0.8526307752,-14.73692248
279,1.768746959,0.548308257,1.823791612,1.769280027,1.654276826,1.555020216,93.5,276.21,0.8526304243,-14.73695757
280,1.769280027,0.548143424,1.824340047,1.769811348,1.65477361,1.555487193,93.5,277.2,0.8526300762,-14.73699238
281,1.769811348,0.547979228,1.824886691,1.770340932,1.655268771,1.555952645,93.5,278.19,0.8526297292,-14.73702708
282,1.770340932,0.547815666,1.825431549,1.770868791,1.65576232,1.556416581,93.5,279.18,0.8526293858,-14.73706142
283,1.770868791,0.547652733,1.825974636,1.771394938,1.656254267,1.556879011,93.5,280.17,0.8526290455,-14.73709545
284,1.771394938,0.547490423,1.826515968,1.771919384,1.656744624,1.557339947,93.5,281.16,0.8526287063,-14.73712937
285,1.771919384,0.547328733,1.827055551,1.77244214,1.657233401,1.557799397,93.5,282.15,0.8526283704,-14.73716296
286,1.77244214,0.547167658,1.827593399,1.772963218,1.657720609,1.558257373,93.5,283.14,0.8526280371,-14.73719629
287,1.772963218,0.547007192,1.828129529,1.773482629,1.658206258,1.558713883,93.5,284.13,0.8526277041,-14.73722959
288,1.773482629,0.546847333,1.828663943,1.774000384,1.658690359,1.559168937,93.5,285.12,0.8526273752,-14.73726248
289,1.774000384,0.546688076,1.829196655,1.774516494,1.659172922,1.559622546,93.5,286.11,0.8526270492,-14.73729508
290,1.774516494,0.546529415,1.829727683,1.77503097,1.659653957,1.560074719,93.5,287.1,0.8526267236,-14.73732764
291,1.77503097,0.546371348,1.830257029,1.775543822,1.660133474,1.560525465,93.5,288.09,0.852626402,-14.7373598
292,1.775543822,0.546213869,1.83078471,1.776055062,1.660611483,1.560974794,93.5,289.08,0.8526260816,-14.73739184
293,1.776055062,0.546056974,1.831310738,1.7765647,1.661087994,1.561422715,93.5,290.07,0.8526257627,-14.73742373
294,1.7765647,0.54590066,1.831835118,1.777072746,1.661563018,1.561869236,93.5,291.06,0.852625447,-14.7374553
295,1.777072746,0.545744922,1.832357865,1.777579211,1.662036562,1.562314369,93.5,292.05,0.8526251332,-14.73748668
296,1.777579211,0.545589756,1.832878988,1.778084105,1.662508638,1.56275812,93.5,293.04,0.8526248214,-14.73751786
297,1.778084105,0.545435159,1.833398496,1.778587438,1.662979255,1.5632005,93.5,294.03,0.8526245131,-14.73754869
298,1.778587438,0.545281125,1.833916404,1.779089221,1.663448422,1.563641516,93.5,295.02,0.8526242051,-14.73757949
299,1.779089221,0.545127651,1.834432721,1.779589463,1.663916148,1.564081179,93.5,296.01,0.852623899,-14.7376101
300,1.779589463,0.544974734,1.834947453,1.780088174,1.664382442,1.564519496,93.5,297,0.852623596,-14.7376404
301,1.780088174,0.544822369,1.835460614,1.780585363,1.664847315,1.564956476,93.5,297.99,0.8526232945,-14.73767055
302,1.780585363,0.544670553,1.835972212,1.781081041,1.665310774,1.565392127,93.5,298.98,0.8526229956,-14.73770044
303,1.781081041,0.544519281,1.83648226,1.781575218,1.665772828,1.565826459,93.5,299.97,0.8526226975,-14.73773025
304,1.781575218,0.544368551,1.836990763,1.782067902,1.666233488,1.566259479,93.5,300.96,0.8526224029,-14.73775971
305,1.782067902,0.544218358,1.837497735,1.782559102,1.666692761,1.566691195,93.5,301.95,0.8526221097,-14.73778903
306,1.782559102,0.544068698,1.838003185,1.783048829,1.667150656,1.567121616,93.5,302.94,0.8526218173,-14.73781827
307,1.783048829,0.543919569,1.838507119,1.783537092,1.667607181,1.56755075,93.5,303.93,0.8526215285,-14.73784715
308,1.783537092,0.543770966,1.839009551,1.784023899,1.668062346,1.567978605,93.5,304.92,0.8526212408,-14.73787592
309,1.784023899,0.543622886,1.839510487,1.78450926,1.668516158,1.568405189,93.5,305.91,0.8526209552,-14.73790448
310,1.78450926,0.543475325,1.84000994,1.784993184,1.668968627,1.568830509,93.5,306.9,0.8526206709,-14.73793291
311,1.784993184,0.54332828,1.840507915,1.785475679,1.66941976,1.569254574,93.5,307.89,0.8526203887,-14.73796113
312,1.785475679,0.543181747,1.841004425,1.785956754,1.669869565,1.569677391,93.5,308.88,0.8526201077,-14.73798923
313,1.785956754,0.543035723,1.841499477,1.786436419,1.670318051,1.570098968,93.5,309.87,0.8526198285,-14.73801715
314,1.786436419,0.542890205,1.841993079,1.786914681,1.670765226,1.570519313,93.5,310.86,0.8526195517,-14.73804483
315,1.786914681,0.54274519,1.842485237,1.787391549,1.671211098,1.570938432,93.5,311.85,0.852619278,-14.7380722
316,1.787391549,0.542600673,1.842975967,1.787867032,1.671655675,1.571356334,93.5,312.84,0.8526190045,-14.73809955
317,1.787867032,0.542456651,1.843465276,1.788341138,1.672098964,1.571773026,93.5,313.83,0.8526187318,-14.73812682
318,1.788341138,0.542313122,1.843953169,1.788813875,1.672540973,1.572188515,93.5,314.82,0.8526184618,-14.73815382
319,1.788813875,0.542170083,1.844439653,1.789285252,1.672981711,1.572602808,93.5,315.81,0.8526181949,-14.73818051
320,1.789285252,0.542027529,1.844924744,1.789755277,1.673421184,1.573015913,93.5,316.8,0.8526179281,-14.73820719
321,1.789755277,0.541885458,1.845408444,1.790223957,1.6738594,1.573427836,93.5,317.79,0.8526176634,-14.73823366
322,1.790223957,0.541743866,1.845890766,1.790691301,1.674296367,1.573838585,93.5,318.78,0.8526173994,-14.73826006
323,1.790691301,0.541602751,1.846371715,1.791157318,1.674732092,1.574248166,93.5,319.77,0.8526171377,-14.73828623
324,1.791157318,0.54146211,1.846851297,1.791622013,1.675166582,1.574656588,93.5,320.76,0.8526168784,-14.73831216
325,1.791622013,0.541321939,1.847329524,1.792085397,1.675599846,1.575063855,93.5,321.75,0.8526166201,-14.73833799
326,1.792085397,0.541182235,1.847806405,1.792547475,1.676031889,1.575469976,93.5,322.74,0.8526163627,-14.73836373
327,1.792547475,0.541042996,1.848281943,1.793008257,1.67646272,1.575874957,93.5,323.73,0.8526161079,-14.73838921
328,1.793008257,0.540904218,1.848756151,1.793467748,1.676892345,1.576278804,93.5,324.72,0.8526158539,-14.73841461
329,1.793467748,0.540765899,1.849229032,1.793925958,1.677320771,1.576681525,93.5,325.71,0.8526156021,-14.73843979
330,1.793925958,0.540628035,1.849700599,1.794382894,1.677748005,1.577083125,93.5,326.7,0.852615351,-14.7384649
331,1.794382894,0.540490624,1.850170855,1.794838562,1.678174055,1.577483612,93.5,327.69,0.8526151017,-14.73848983
332,1.794838562,0.540353663,1.85063981,1.79529297,1.678598927,1.577882991,93.5,328.68,0.8526148541,-14.73851459
333,1.79529297,0.54021715,1.851107467,1.795746126,1.679022627,1.57828127,93.5,329.67,0.8526146095,-14.73853905
334,1.795746126,0.54008108,1.851573841,1.796198036,1.679445164,1.578678454,93.5,330.66,0.8526143643,-14.73856357
335,1.796198036,0.539945452,1.852038935,1.796648708,1.679866542,1.57907455,93.5,331.65,0.8526141214,-14.73858786
336,1.796648708,0.539810262,1.85250276,1.797098149,1.680286769,1.579469563,93.5,332.64,0.8526138787,-14.73861213
337,1.797098149,0.539675509,1.852965316,1.797546366,1.680705852,1.579863501,93.5,333.63,0.852613639,-14.7386361
338,1.797546366,0.539541189,1.853426616,1.797993365,1.681123797,1.580256369,93.5,334.62,0.8526134002,-14.73865998
339,1.797993365,0.5394073,1.853886664,1.798439155,1.68154061,1.580648173,93.5,335.61,0.8526131633,-14.73868367
340,1.798439155,0.539273838,1.854345473,1.798883741,1.681956297,1.58103892,93.5,336.6,0.8526129262,-14.73870738
341,1.798883741,0.539140802,1.854803043,1.79932713,1.682370866,1.581428614,93.5,337.59,0.8526126914,-14.73873086
342,1.79932713,0.539008189,1.855259383,1.799769329,1.682784322,1.581817263,93.5,338.58,0.8526124583,-14.73875417
343,1.799769329,0.538875996,1.855714501,1.800210345,1.683196672,1.582204872,93.5,339.57,0.8526122263,-14.73877737
344,1.800210345,0.538744221,1.856168402,1.800650184,1.683607922,1.582591447,93.5,340.56,0.8526119961,-14.73880039
345,1.800650184,0.538612861,1.856621095,1.801088853,1.684018077,1.582976993,93.5,341.55,0.852611767,-14.7388233
346,1.801088853,0.538481914,1.857072585,1.801526358,1.684427145,1.583361516,93.5,342.54,0.8526115398,-14.73884602
347,1.801526358,0.538351376,1.857522883,1.801962706,1.68483513,1.583745023,93.5,343.53,0.8526113121,-14.73886879
348,1.801962706,0.538221247,1.857971987,1.802397904,1.68524204,1.584127517,93.5,344.52,0.8526110878,-14.73889122
349,1.802397904,0.538091522,1.858419914,1.802831956,1.685647879,1.584509006,93.5,345.51,0.8526108629,-14.73891371
350,1.802831956,0.537962201,1.85886666,1.803264871,1.686052654,1.584889495,93.5,346.5,0.852610641,-14.7389359
351,1.803264871,0.53783328,1.859312239,1.803696653,1.686456371,1.585268989,93.5,347.49,0.8526104198,-14.73895802
352,1.803696653,0.537704757,1.859756655,1.80412731,1.686859035,1.585647493,93.5,348.48,0.8526101997,-14.73898003
353,1.80412731,0.537576629,1.860199916,1.804556847,1.687260652,1.586025013,93.5,349.47,0.8526099798,-14.73900202
354,1.804556847,0.537448895,1.860642024,1.80498527,1.687661228,1.586401554,93.5,350.46,0.8526097622,-14.73902378
355,1.80498527,0.537321552,1.861082989,1.805412586,1.688060768,1.586777122,93.5,351.45,0.8526095457,-14.73904543
356,1.805412586,0.537194598,1.861522814,1.8058388,1.688459278,1.587151721,93.5,352.44,0.8526093308,-14.73906692
357,1.8058388,0.53706803,1.86196151,1.806263918,1.688856763,1.587525358,93.5,353.43,0.8526091164,-14.73908836
358,1.806263918,0.536941847,1.862399077,1.806687946,1.68925323,1.587898036,93.5,354.42,0.8526089044,-14.73910956
359,1.806687946,0.536816045,1.862835527,1.807110891,1.689648683,1.588269762,93.5,355.41,0.852608692,-14.7391308
360,1.807110891,0.536690624,1.863270859,1.807532757,1.690043128,1.58864054,93.5,356.4,0.8526084828,-14.73915172
361,1.807532757,0.536565579,1.863705089,1.807953551,1.69043657,1.589010376,93.5,357.39,0.8526082722,-14.73917278
362,1.807953551,0.536440911,1.864138211,1.808373277,1.690829014,1.589379274,93.5,358.38,0.8526080654,-14.73919346
363,1.808373277,0.536316615,1.864570241,1.808791943,1.691220467,1.589747239,93.5,359.37,0.8526078578,-14.73921422
364,1.808791943,0.53619269,1.865001181,1.809209553,1.691610932,1.590114276,93.5,360.36,0.8526076512,-14.73923488
365,1.809209553,0.536069135,1.865431033,1.809626113,1.692000416,1.590480391,93.5,361.35,0.8526074473,-14.73925527
366,1.809626113,0.535945946,1.865859808,1.810041629,1.692388923,1.590845587,93.5,362.34,0.8526072433,-14.73927567
367,1.810041629,0.535823122,1.86628751,1.810456105,1.692776458,1.591209871,93.5,363.33,0.8526070407,-14.73929593
368,1.810456105,0.535700661,1.866714142,1.810869548,1.693163027,1.591573246,93.5,364.32,0.8526068397,-14.73931603
369,1.810869548,0.53557856,1.867139715,1.811281962,1.693548635,1.591935717,93.5,365.31,0.8526066387,-14.73933613
370,1.811281962,0.535456818,1.86756423,1.811693354,1.693933286,1.592297289,93.5,366.3,0.8526064395,-14.73935605
371,1.811693354,0.535335433,1.867987692,1.812103728,1.694316986,1.592657966,93.5,367.29,0.8526062421,-14.73937579
372,1.812103728,0.535214402,1.868410111,1.812513089,1.694699739,1.593017754,93.5,368.28,0.8526060447,-14.73939553
373,1.812513089,0.535093724,1.868831487,1.812921444,1.69508155,1.593376657,93.5,369.27,0.8526058491,-14.73941509
374,1.812921444,0.534973396,1.869251831,1.813328796,1.695462424,1.593734679,93.5,370.26,0.8526056535,-14.73943465
375,1.813328796,0.534853417,1.869671144,1.813735152,1.695842367,1.594091825,93.5,371.25,0.8526054595,-14.73945405
376,1.813735152,0.534733785,1.870089432,1.814140515,1.696221382,1.594448099,93.5,372.24,0.8526052669,-14.73947331
377,1.814140515,0.534614498,1.870506699,1.814544892,1.696599474,1.594803506,93.5,373.23,0.8526050756,-14.73949244
378,1.814544892,0.534495553,1.870922956,1.814948287,1.696976649,1.59515805,93.5,374.22,0.8526048839,-14.73951161
379,1.814948287,0.53437695,1.8713382,1.815350706,1.69735291,1.595511735,93.5,375.21,0.8526046948,-14.73953052
380,1.815350706,0.534258686,1.871752442,1.815752152,1.697728262,1.595864567,93.5,376.2,0.8526045065,-14.73954935
381,1.815752152,0.534140758,1.872165689,1.816152632,1.698102711,1.596216548,93.5,377.19,0.8526043171,-14.73956829
382,1.816152632,0.534023167,1.872577936,1.81655215,1.69847626,1.596567684,93.5,378.18,0.8526041311,-14.73958689
383,1.81655215,0.533905909,1.872989197,1.81695071,1.698848914,1.596917979,93.5,379.17,0.8526039452,-14.73960548
384,1.81695071,0.533788983,1.873399474,1.817348318,1.699220677,1.597267437,93.5,380.16,0.8526037606,-14.73962394
385,1.817348318,0.533672387,1.873808772,1.817744978,1.699591555,1.597616061,93.5,381.15,0.8526035769,-14.73964231
386,1.817744978,0.533556119,1.874217096,1.818140695,1.69996155,1.597963857,93.5,382.14,0.8526033939,-14.73966061
387,1.818140695,0.533440177,1.874624453,1.818535474,1.700330668,1.598310828,93.5,383.13,0.8526032111,-14.73967889
388,1.818535474,0.53332456,1.875030844,1.818929319,1.700698913,1.598656979,93.5,384.12,0.8526030297,-14.73969703
389,1.818929319,0.533209266,1.875436276,1.819322235,1.70106629,1.599002313,93.5,385.11,0.8526028494,-14.73971506
390,1.819322235,0.533094294,1.875840749,1.819714227,1.701432802,1.599346834,93.5,386.1,0.8526026713,-14.73973287
391,1.819714227,0.53297964,1.876244278,1.820105298,1.701798454,1.599690547,93.5,387.09,0.8526024917,-14.73975083
392,1.820105298,0.532865305,1.876646857,1.820495455,1.70216325,1.600033455,93.5,388.08,0.852602315,-14.7397685
393,1.820495455,0.532751285,1.877048499,1.8208847,1.702527194,1.600375563,93.5,389.07,0.8526021374,-14.73978626
394,1.8208847,0.532637581,1.877449199,1.821273038,1.702890291,1.600716873,93.5,390.06,0.8526019633,-14.73980367
395,1.821273038,0.532524188,1.877848974,1.821660475,1.703252544,1.601057391,93.5,391.05,0.8526017872,-14.73982128
396,1.821660475,0.532411107,1.878247818,1.822047013,1.703613957,1.60139712,93.5,392.04,0.8526016134,-14.73983866
397,1.822047013,0.532298336,1.878645737,1.822432658,1.703974536,1.601736064,93.5,393.03,0.8526014413,-14.73985587
398,1.822432658,0.532185872,1.879042742,1.822817415,1.704334283,1.602074226,93.5,394.02,0.8526012688,-14.73987312
399,1.822817415,0.532073715,1.879438829,1.823201286,1.704693202,1.60241161,93.5,395.01,0.8526010983,-14.73989017
400,1.823201286,0.531961862,1.87983401,1.823584276,1.705051298,1.60274822,93.5,396,0.8526009277,-14.73990723
401,1.823584276,0.531850312,1.880228285,1.823966391,1.705408575,1.603084061,93.5,396.99,0.8526007578,-14.73992422
402,1.823966391,0.531739064,1.880621658,1.824347633,1.705765036,1.603419134,93.5,397.98,0.8526005896,-14.73994104
403,1.824347633,0.531628115,1.881014137,1.824728006,1.706120686,1.603753445,93.5,398.97,0.8526004208,-14.73995792
404,1.824728006,0.531517465,1.881405722,1.825107516,1.706475528,1.604086996,93.5,399.96,0.8526002539,-14.73997461
405,1.825107516,0.531407112,1.881796418,1.825486167,1.706829566,1.604419792,93.5,400.95,0.852600088,-14.7399912
406,1.825486167,0.531297054,1.882186232,1.825863961,1.707182804,1.604751835,93.5,401.94,0.8525999225,-14.74000775
407,1.825863961,0.53118729,1.882575165,1.826240904,1.707535245,1.60508313,93.5,402.93,0.8525997582,-14.74002418
408,1.826240904,0.531077818,1.882963223,1.826616999,1.707886894,1.60541368,93.5,403.92,0.8525995942,-14.74004058
409,1.826616999,0.530968637,1.88335041,1.82699225,1.708237754,1.605743488,93.5,404.91,0.8525994314,-14.74005686
410,1.82699225,0.530859745,1.88373673,1.827366661,1.708587828,1.606072558,93.5,405.9,0.8525992689,-14.74007311
411,1.827366661,0.530751141,1.884122186,1.827740237,1.708937121,1.606400894,93.5,406.89,0.8525991074,-14.74008926
412,1.827740237,0.530642824,1.884506781,1.82811298,1.709285636,1.606728498,93.5,407.88,0.8525989477,-14.74010523
413,1.82811298,0.530534791,1.884890524,1.828484895,1.709633377,1.607055375,93.5,408.87,0.8525987873,-14.74012127
414,1.828484895,0.530427042,1.885273413,1.828855987,1.709980347,1.607381527,93.5,409.86,0.8525986285,-14.74013715
415,1.828855987,0.530319575,1.885655456,1.829226257,1.71032655,1.607706957,93.5,410.85,0.8525984704,-14.74015296
416,1.829226257,0.530212388,1.886036657,1.829595711,1.71067199,1.60803167,93.5,411.84,0.852598312,-14.7401688
417,1.829595711,0.530105481,1.886417017,1.829964352,1.711016669,1.608355669,93.5,412.83,0.8525981556,-14.74018444
418,1.829964352,0.529998852,1.88679654,1.830332184,1.711360592,1.608678956,93.5,413.82,0.8525980001,-14.74019999
419,1.830332184,0.529892499,1.887175232,1.83069921,1.711703762,1.609001536,93.5,414.81,0.8525978447,-14.74021553
420,1.83069921,0.529786421,1.887553098,1.831065435,1.712046181,1.609323411,93.5,415.8,0.8525976899,-14.74023101
421,1.831065435,0.529680617,1.887930137,1.831430861,1.712387855,1.609644584,93.5,416.79,0.8525975363,-14.74024637
422,1.831430861,0.529575085,1.888306358,1.831795493,1.712728786,1.609965059,93.5,417.78,0.8525973828,-14.74026172
423,1.831795493,0.529469824,1.888681762,1.832159334,1.713068977,1.610284838,93.5,418.77,0.85259723,-14.740277
424,1.832159334,0.529364833,1.889056351,1.832522387,1.713408432,1.610603926,93.5,419.76,0.8525970784,-14.74029216
425,1.832522387,0.529260111,1.889430129,1.832884657,1.713747154,1.610922325,93.5,420.75,0.8525969286,-14.74030714
426,1.832884657,0.529155655,1.889803105,1.833246147,1.714085147,1.611240038,93.5,421.74,0.8525967778,-14.74032222
427,1.833246147,0.529051465,1.890175278,1.833606859,1.714422413,1.611557069,93.5,422.73,0.8525966281,-14.74033719
428,1.833606859,0.52894754,1.89054665,1.833966799,1.714758957,1.611873419,93.5,423.72,0.85259648,-14.740352
429,1.833966799,0.528843878,1.890917228,1.834325969,1.715094781,1.612189094,93.5,424.71,0.8525963324,-14.74036676
430,1.834325969,0.528740477,1.891287018,1.834684372,1.715429888,1.612504094,93.5,425.7,0.852596184,-14.7403816
431,1.834684372,0.528637337,1.891656018,1.835042012,1.715764281,1.612818425,93.5,426.69,0.852596037,-14.7403963
432,1.835042012,0.528534457,1.892024232,1.835398893,1.716097965,1.613132087,93.5,427.68,0.8525958917,-14.74041083
433,1.835398893,0.528431834,1.892391668,1.835755018,1.716430941,1.613445085,93.5,428.67,0.8525957453,-14.74042547
434,1.835755018,0.528329469,1.892758323,1.836110389,1.716763214,1.613757421,93.5,429.66,0.8525956014,-14.74043986
435,1.836110389,0.528227359,1.893124207,1.836465011,1.717094786,1.614069099,93.5,430.65,0.8525954572,-14.74045428
436,1.836465011,0.528125504,1.893489317,1.836818887,1.71742566,1.61438012,93.5,431.64,0.8525953146,-14.74046854
437,1.836818887,0.528023901,1.893853665,1.83717202,1.717755839,1.614690489,93.5,432.63,0.8525951708,-14.74048292
438,1.83717202,0.527922551,1.894217245,1.837524414,1.718085327,1.615000207,93.5,433.62,0.8525950293,-14.74049707
439,1.837524414,0.527821451,1.894580067,1.837876071,1.718414126,1.615309278,93.5,434.61,0.8525948871,-14.74051129
440,1.837876071,0.527720601,1.894942131,1.838226994,1.718742239,1.615617705,93.5,435.6,0.8525947463,-14.74052537
441,1.838226994,0.52762,1.895303438,1.838577188,1.71906967,1.61592549,93.5,436.59,0.8525946071,-14.74053929
442,1.838577188,0.527519646,1.895663996,1.838926654,1.719396422,1.616232636,93.5,437.58,0.8525944681,-14.74055319
443,1.838926654,0.527419537,1.89602381,1.839275397,1.719722496,1.616539146,93.5,438.57,0.8525943281,-14.74056719
444,1.839275397,0.527319674,1.896382876,1.839623419,1.720047897,1.616845023,93.5,439.56,0.8525941905,-14.74058095
445,1.839623419,0.527220054,1.896741204,1.839970724,1.720372627,1.617150269,93.5,440.55,0.8525940522,-14.74059478
446,1.839970724,0.527120677,1.897098793,1.840317314,1.720696689,1.617454887,93.5,441.54,0.8525939152,-14.74060848
447,1.840317314,0.527021542,1.897455645,1.840663193,1.721020085,1.61775888,93.5,442.53,0.8525937796,-14.74062204
448,1.840663193,0.526922647,1.897811767,1.841008363,1.72134282,1.618062251,93.5,443.52,0.8525936441,-14.74063559
449,1.841008363,0.526823991,1.898167162,1.841352829,1.721664895,1.618365001,93.5,444.51,0.8525935088,-14.74064912
450,1.841352829,0.526725573,1.898521832,1.841696592,1.721986313,1.618667134,93.5,445.5,0.8525933739,-14.74066261
451,1.841696592,0.526627392,1.89887578,1.842039655,1.722307078,1.618968653,93.5,446.49,0.8525932395,-14.74067605
452,1.842039655,0.526529447,1.899229009,1.842382023,1.722627191,1.61926956,93.5,447.48,0.8525931059,-14.74068941
453,1.842382023,0.526431737,1.899581522,1.842723697,1.722946656,1.619569857,93.5,448.47,0.8525929731,-14.74070269
454,1.842723697,0.526334261,1.89993332,1.84306468,1.723265476,1.619869548,93.5,449.46,0.8525928412,-14.74071588
455,1.84306468,0.526237018,1.900284408,1.843404976,1.723583653,1.620168634,93.5,450.45,0.8525927105,-14.74072895
456,1.843404976,0.526140006,1.90063479,1.843744588,1.72390119,1.620467118,93.5,451.44,0.8525925793,-14.74074207
457,1.843744588,0.526043224,1.900984471,1.844083517,1.724218089,1.620765003,93.5,452.43,0.8525924477,-14.74075523
458,1.844083517,0.525946673,1.901333446,1.844421768,1.724534353,1.621062292,93.5,453.42,0.8525923192,-14.74076808
459,1.844421768,0.525850349,1.901681727,1.844759343,1.724849985,1.621358986,93.5,454.41,0.8525921888,-14.74078112
460,1.844759343,0.525754253,1.902029312,1.845096244,1.725164988,1.621655089,93.5,455.4,0.8525920599,-14.74079401
461,1.845096244,0.525658384,1.902376202,1.845432475,1.725479364,1.621950602,93.5,456.39,0.8525919325,-14.74080675
462,1.845432475,0.52556274,1.902722404,1.845768038,1.725793116,1.622245529,93.5,457.38,0.8525918051,-14.74081949
463,1.845768038,0.52546732,1.903067921,1.846102937,1.726106246,1.622539871,93.5,458.37,0.8525916776,-14.74083224
464,1.846102937,0.525372123,1.903412755,1.846437173,1.726418757,1.622833631,93.5,459.36,0.8525915501,-14.74084499
465,1.846437173,0.525277149,1.903756906,1.84677075,1.726730651,1.623126812,93.5,460.35,0.8525914242,-14.74085758
466,1.84677075,0.525182397,1.904100377,1.84710367,1.727041931,1.623419415,93.5,461.34,0.8525912999,-14.74087001
467,1.84710367,0.525087864,1.904443177,1.847435936,1.7273526,1.623711444,93.5,462.33,0.8525911739,-14.74088261
468,1.847435936,0.524993551,1.904785303,1.847767551,1.72766266,1.6240029,93.5,463.32,0.8525910495,-14.74089505
469,1.847767551,0.524899457,1.905126756,1.848098517,1.727972113,1.624293786,93.5,464.31,0.8525909265,-14.74090735
470,1.848098517,0.52480558,1.905467545,1.848428837,1.728280963,1.624584105,93.5,465.3,0.8525908034,-14.74091966
471,1.848428837,0.524711919,1.90580767,1.848758514,1.72858921,1.624873858,93.5,466.29,0.85259068,-14.740932
472,1.848758514,0.524618474,1.906147133,1.84908755,1.728896859,1.625163047,93.5,467.28,0.8525905579,-14.74094421
473,1.84908755,0.524525243,1.906485938,1.849415948,1.729203911,1.625451676,93.5,468.27,0.8525904355,-14.74095645
474,1.849415948,0.524432226,1.906824086,1.84974371,1.729510369,1.625739747,93.5,469.26,0.8525903142,-14.74096858
475,1.84974371,0.524339422,1.907161579,1.850070839,1.729816234,1.62602726,93.5,470.25,0.8525901939,-14.74098061
476,1.850070839,0.524246829,1.907498424,1.850397338,1.730121511,1.62631422,93.5,471.24,0.8525900729,-14.74099271
477,1.850397338,0.524154448,1.907834616,1.850723209,1.7304262,1.626600628,93.5,472.23,0.8525899543,-14.74100457
478,1.850723209,0.524062276,1.908170166,1.851048454,1.730730305,1.626886486,93.5,473.22,0.8525898348,-14.74101652
479,1.851048454,0.523970313,1.908505072,1.851373077,1.731033827,1.627171797,93.5,474.21,0.8525897158,-14.74102842
480,1.851373077,0.523878558,1.908839338,1.851697079,1.731336769,1.627456563,93.5,475.2,0.8525895972,-14.74104028
481,1.851697079,0.523787011,1.909172963,1.852020463,1.731639133,1.627740785,93.5,476.19,0.8525894804,-14.74105196
482,1.852020463,0.523695669,1.909505958,1.852343232,1.731940922,1.628024466,93.5,477.18,0.8525893621,-14.74106379
483,1.852343232,0.523604533,1.909838317,1.852665388,1.732242137,1.628307609,93.5,478.17,0.8525892452,-14.74107548
484,1.852665388,0.523513602,1.910170044,1.852986933,1.732542782,1.628590215,93.5,479.16,0.8525891297,-14.74108703
485,1.852986933,0.523422874,1.910501145,1.85330787,1.732842858,1.628872287,93.5,480.15,0.8525890136,-14.74109864
486,1.85330787,0.523332349,1.91083162,1.853628201,1.733142368,1.629153826,93.5,481.14,0.8525888985,-14.74111015
487,1.853628201,0.523242026,1.911161471,1.853947929,1.733441313,1.629434834,93.5,482.13,0.852588784,-14.7411216
488,1.853947929,0.523151904,1.911490702,1.854267055,1.733739697,1.629715315,93.5,483.12,0.85258867,-14.741133
489,1.854267055,0.523061981,1.911819318,1.854585583,1.73403752,1.629995269,93.5,484.11,0.8525885545,-14.74114455
490,1.854585583,0.522972259,1.912147313,1.854903515,1.734334787,1.630274699,93.5,485.1,0.8525884424,-14.74115576
491,1.854903515,0.522882734,1.9124747,1.855220853,1.734631497,1.630553608,93.5,486.09,0.8525883283,-14.74116717
492,1.855220853,0.522793408,1.912801471,1.855537599,1.734927655,1.630831996,93.5,487.08,0.852588217,-14.7411783
493,1.855537599,0.522704278,1.913127637,1.855853756,1.735223262,1.631109866,93.5,488.07,0.8525881048,-14.74118952
494,1.855853756,0.522615344,1.913453196,1.856169325,1.735518319,1.63138722,93.5,489.06,0.8525879932,-14.74120068
495,1.856169325,0.522526605,1.913778151,1.85648431,1.73581283,1.63166406,93.5,490.05,0.8525878819,-14.74121181
496,1.85648431,0.52243806,1.914102506,1.856798713,1.736106796,1.631940388,93.5,491.04,0.8525877706,-14.74122294
497,1.856798713,0.522349709,1.91442626,1.857112535,1.73640022,1.632216207,93.5,492.03,0.8525876606,-14.74123394
498,1.857112535,0.52226155,1.91474942,1.857425779,1.736693103,1.632491517,93.5,493.02,0.8525875499,-14.74124501
499,1.857425779,0.522173584,1.915071981,1.857738447,1.736985448,1.632766321,93.5,494.01,0.8525874416,-14.74125584
500,1.857738447,0.522085808,1.915393954,1.858050541,1.737277256,1.633040621,93.5,495,0.8525873319,-14.74126681
